full_title,date
Investigation into Donegal house fire,2010
UN warns Ivory Coast's Gbagbo against attack,2010
SVP critical of new Bank of Ireland fees,2010
Global celebrations to mark New Year,2010
'Political meddling' in Khodorkovsky trial,2010
Bertie Ahern decision marks 'end of an era',2010
"County, city council water updates 31 December",2010
Water restrictions eased for New Year,2010
"County, city council water updates 30 December",2010
Return to freezing weather expected,2010
Arrest in Joanna Yeates murder probe,2010
Man 'critical' after Finglas shooting,2010
Israel's ex-president Katsav guilty of rape,2010
Shots fired at Cappagh House pub in Finglas,2010
Three released after Dublin cigarette seizure,2010
UN envoy warns of Ivory Coast 'genocide',2010
1980 files show mutual Dublin-London suspicion,2010
"Cigarettes worth €860,000 seized in Dublin",2010
Many areas to have water restored within days,2010
Five held for planning attack on Danish paper,2010
HSE issues appeal over flu vaccine,2010
"County, city council water updates 29 December",2010
Witnesses sought to fatal Co Monaghan crash,2010
Fall in tourists visiting Ireland in 2010,2010
Tipperary hurler John Doyle dies aged 80,2010
Iran hangs man convicted of spying,2010
Concern after Khodorkovsky guilty verdict,2010
Major disruption to water supplies nationwide,2010
Airlines clearing backlog after US blizzard,2010
Appeal for witnesses to fatal Monaghan crash,2010
Snow storm grounds flights along US east coast,2010
"Two die in house fires in Cork, Galway",2010
Two dead in three-vehicle crash in Monaghan,2010
Nine remain in custody on UK terrorism charges,2010
Call for Ivory Coast strike in vote stand off,2010
Woman charged with Clonsilla murder,2010
Further ethnic violence in central Nigeria,2010
Widespread water restrictions amid flood fears,2010
UK airports could be fined for bad performance,2010
New Zealand hit by strong aftershocks,2010
Couple rescued from Wicklow Mountains,2010
Hundreds queue for Post-Christmas sales,2010
Sunday's weather and travel updates,2010
Salvation Army hosts annual Belfast dinner,2010
Annual swimming race in London cancelled,2010
Rotunda visitor restrictions relaxed,2010
Over 80 killed in Pakistan incidents,2010
Man dies on N11 in Co Wicklow,2010
35 reported killed in Pakistan clashes,2010
Paris Airport CDG terminal 2E evacuated,2010
Motorists advised to take extreme care,2010
Armagh man charged with farmer's murder,2010
Pope Benedict appeals for 'lasting peace',2010
Thousands of commuters still stranded,2010
Christmas Eve - Weather and transport updates,2010
Flights suspended at Dublin Airport until 5am,2010
Thursday's Travel and Weather Updates,2010
RTÉ Radio 1,2010
Wednesday's Travel and Weather Updates,2010
News | Latest Breaking News Stories & Headlines | RTÉ,2010
Monday's Travel and Weather Updates,2010
ECB concerned over bank restructuring Bill,2010
Garda Ombudsman to examine RTÉ drugs claims,2010
Complaints to proceed against Anglo bosses,2010
President urges self-belief for Ireland,2010
Luas services resume after collision,2010
Drug cover-up allegations to be investigated,2010
27 killed in Mexico pipeline explosion,2010
Investigation into fatal Louth car crash,2010
UN Security Council discusses Korean tensions,2010
Boyle confirms bonus paid to BoI executive,2010
Gardaí investigate Cork sledding accident,2010
Post mortems on bodies found in canal,2010
Girl dies in Cork sledding accident,2010
Gardaí appeal to trace missing woman,2010
Mother and son killed in Louth road crash,2010
New evidence allowed in Kercher trial,2010
Met Éireann warns of further snow risk,2010
Call to freeze EU budget until 2020,2010
Barack Obama signs controversial tax bill,2010
Pedestrian struck by car in Dublin dies,2010
Weather delays S Korean military drill,2010
Majority of Irish people support bailout,2010
"Weather affects racing, rugby & soccer",2010
Memo of meeting on US use of Shannon released,2010
Abuse by Tony Walsh 'hushed up' by Church,2010
Noel Dempsey will not contest election,2010
Beverley Flynn will not contest election,2010
Friday's sport postponement news,2010
Moody's downgrade is 'excessive' - Cowen,2010
45 arrested in Dublin drug investigation,2010
Calls in Seanad for abortion legislation,2010
Credit Institutions Bill passed in Seanad,2010
Thalidomide Association disappointed by Harney,2010
IMF has approved €22.5bn assistance,2010
Two held over diesel laundering,2010
US mother sues McDonald's over Happy Meals,2010
Bank files to be sent to DPP within 24 hours,2010
New road safety campaign launched,2010
Frank Fahey predicts April/May election,2010
Economy grew in third quarter - CSO,2010
IL&P's Gillian Bowler backs banking bill,2010
WikiLeaks founder Julian Assange freed on bail,2010
Obama unveils Afghan strategy review,2010
Local authorities prepare for severe weather,2010
Man hospitalised after Ennis stabbing,2010
EU leaders create permanent debt rescue fund,2010
Scathing evaluation of child detention centres,2010
Woman's human rights violated by abortion ban,2010
Support for Govt at lowest ever level - Poll,2010
UK loan to Ireland approved by Westminster,2010
Details of State bonuses revealed,2010
NI cuts to include civil service pay freeze,2010
Over 450 new jobs for Dublin and Derry,2010
Samaritans report 5% increase in calls,2010
Supreme Court hearing McKillen appeal,2010
'Positive' outcome from fishing quotas talks,2010
Man charged with murder of Eileen Doherty,2010
EU defends rescue package interest rate,2010
Dáil approves restructuring of banking sector,2010
Concern over increase in sedative misuse,2010
Special Olympics event worth €10m to economy,2010
US diplomat Richard Holbrooke dies aged 69,2010
Callinan to take Garda Commissioner role,2010
Irish troops returning to Lebanon,2010
Report to blame Social Partnership for woes,2010
Two arrested over 1973 Belfast killing,2010
Pinder given nine years for Westmeath killing,2010
Lenihan found AIB bonuses 'galling',2010
Emissions target looks beyond reach - ESRI,2010
Fatal Dublin house fire investigated,2010
"Savings sought from DPP, Attorney General, CSO",2010
Stockholm bombing close to catastrophe,2010
Silvio Berlusconi survives confidence vote,2010
Dáil discusses home care regulation,2010
Teenager releases child hostages in France,2010
Cocaine is 'greatest risk to civil society',2010
Pay dispute halts work on M7,2010
Concern over unregulated home care industry,2010
"15,000 Santas parade through Portuguese town",2010
Three charged over Belfast drug seizures,2010
Kosovo election marred by fraud allegations,2010
Search in Britain linked to Swedish bombings,2010
Witness appeal after fatal stabbing in Swords,2010
"Cowen, Clegg discuss UK's loan to Ireland",2010
Adams denies WikiLeaks claims on NI robbery,2010
NI: Man dies after falling through ice,2010
Kerry search & rescue call deemed a hoax,2010
Dublin murder inquiry - witnesses sought,2010
FG vow to reject EU/ IMF Dáil vote,2010
Minister defends social welfare cuts in budget,2010
Live explosive found in Dublin retail park,2010
Man released following Louth seizure,2010
14 killed in suicide attacks in Iraq,2010
Polling stations close in Kosovo,2010
Obama praises critically ill advisor Holbrooke,2010
Black ice remains a problem on some routes,2010
Stockholm blasts were 'a terrorist attack',2010
Man held in Louth over €1m worth of substances,2010
One dead in Swedish blasts,2010
Irish Red Cross defends tsunami fund,2010
Obama's Middle East advisor hospitalised,2010
Man in court on child pornography charges,2010
NI: Three held over £1m drug seizure,2010
Bernard Madoff's son found dead,2010
€1m stolen plant machinery recovered,2010
Court hears emotional appeal from Knox,2010
Man injured in Limerick stabbing,2010
Brown blames regulation for crisis,2010
Clinton seeks clean start in peace talks,2010
Motorists warned as ice melts away,2010
Nations agree on climate change deal,2010
"WikiLeaks disclosures 'serious', says Vatican",2010
Man sentenced over partner's murder,2010
Dublin refuge unable to cope with demand,2010
Level of NI terrorist activity 'downplayed',2010
HSE finds serious irregularities in HSNPF,2010
AIB executives should defer bonuses - IBOA,2010
Dublin water restrictions for 3 more nights,2010
Putin names new puppy Buffy,2010
Beijing seeks to limit publicity as Nobel prize awarded,2010
Cannabis plants seized in Dublin and Kildare,2010
Noel Keegan death raised in the Dáil,2010
Gerry Ryan's autopsy: 'death by misadventure',2010
Empty chair symbolises Liu's Nobel absence,2010
Inquiry after attack on Prince Charles' car,2010
300 construction jobs with €37m health centre,2010
IHRC concern at rise in racial discrimination,2010
Minimum wage cuts passed in Dáil,2010
NI leaders meet EU Commission President,2010
FETAC suspends issuing of FÁS certificates,2010
Awarding of FÁS certificates on hold,2010
Dublin & Wicklow water restrictions in place,2010
Iceland vows to repay Icesave loans from 2016,2010
Prison service tendering process criticised,2010
584 patients waiting over a year for surgery,2010
BoI 'technical problems' continue,2010
RTÉ Player,2010
Sharp rise in long-term unemployment - CSO,2010
Dáil will vote on IMF/EU funding,2010
Bonus tax not to apply to €40m AIB payments,2010
12% estimated to be without TV licence,2010
US billionaires pledge to give away wealth,2010
15 arrested in UK student fee protests,2010
Motorists warned of icy road conditions,2010
Social Welfare Bill passed by the Dáil,2010
Citi to create 250 jobs in Waterford & Dublin,2010
Family taking legal action over Keegan assault,2010
Two men killed in Co Limerick road crash,2010
Ó Cuív rejects welfare reductions criticism,2010
David Drumm questioned over assets in US,2010
Social Welfare cuts debated in Dáil,2010
Dáil concludes debate on financial resolutions,2010
Dublin water cut-offs amid shortages,2010
Government accused of being 'socially blind',2010
Lenihan reveals severe cuts in Budget 2011,2010
Prime Time | RTÉ News & Current Affairs | RTÉ,2010
The day after Budget 2011 - As It Happened,2010
Tuesday's weather and transport updates,2010
13 held in organised crime operation,2010
Woman held over Mullingar assault,2010
145 feared buried after Colombia landslide,2010
Wexford firm wins pork damages case,2010
Bord Gáis opens Whitegate facility,2010
Frontline workers to form new union,2010
"Motorists warned over more snow, freezing",2010
Gardaí appeal to trace missing 15-year-old,2010
Pensioner's body found near Mayo home,2010
46% polled think crisis will last a decade,2010
Flights return to normal after Spanish strike,2010
Ministers face pay and pension cuts,2010
Israel forest fire brought under control,2010
Mbeki to mediate over Ivory Coast result,2010
Monday's weather and transport updates,2010
Russian 'spy' found in British parliament,2010
Heavy snow forecast overnight,2010
Saturday's weather and transport updates,2010
More sub-zero temperatures forecast,2010
Some Budget measures may begin from January,2010
"Salt, sand mix to be used for gritting",2010
Friday's weather and transport updates,2010
Stolen Snowman 999 call did not amuse,2010
Thursday's weather and transport updates,2010
Poll sees Fianna Fáil support fall further,2010
Irish men raise €1.1m in Movember,2010
"More snow, sub zero temperatures forecast",2010
Wednesday's weather and transport updates,2010
"Heavy snowfalls, icy conditions forecast",2010
Nelson's case against Sunday World settled,2010
WikiLeaks says it is victim of cyber attack,2010
Fine Gael seeks to accelerate Budget,2010
Government like an 'asylum' - Gormley,2010
MEPs attack Irish corporate tax rate,2010
Dermot Ahern to stand down at next election,2010
Racing decimated by Baltic conditions,2010
Gardaí warn of hazardous road conditions,2010
Teaching scheme may lead to work for free,2010
Rehn advises against reopening terms of loan,2010
Cold snap claims cards in Ireland & Britain,2010
One in five smoke or drink while pregnant,2010
Washington slams WikiLeaks 'criminals',2010
Prison policy said to be a 'disaster',2010
"Anglo brand to disappear, deposits to move",2010
Post mortem due in Bray inquiry,2010
11 feared dead in Karachi plane crash,2010
Body of man discovered in Bray house,2010
Eurozone agrees €85bn deal for Ireland,2010
DUP committed to powersharing - Robinson,2010
US police foil 'Christmas tree' bomb attack,2010
Sinn Féin tries to form Dáil grouping,2010
Thousands march against austerity measures,2010
Snow and ice cause travel disruption,2010
Obama in stitches after basketball blow,2010
Govt in talks on financial rescue package,2010
Donegal by-election count: as it happened,2010
"Passive smoking causes 600,000 deaths - study",2010
Met Éireann issues severe weather warning,2010
Shot fired by PSNI in Portadown incident,2010
Pearse Doherty elected in Donegal South West,2010
Galway house fire is investigated,2010
EU/IMF interest rate likely to be 6.7%,2010
Funeral of Limerick murder victims takes place,2010
Two teens arrested over Limerick stabbing,2010
Garda raids carried out on Ballina houses,2010
New 'United Left Alliance' formed,2010
Plan is a 'pathway to recovery' - Cowen,2010
Ó Cuív admits €65m welfare overpayment,2010
Concerns over impact for pensions,2010
Health spending cuts of €1.4bn announced,2010
Dublin City Council agrees high-rise strategy,2010
Corporation tax not feature of talks - Lenihan,2010
Four-year plan dept-by-dept breakdown,2010
Govt's four-year plan - Your Views,2010
"Minimum wage lowered, VAT to rise in plan",2010
Govt four-year plan unveiled - As it happened,2010
Gardaí believe Finglas victims were set up,2010
Millions of Portuguese strike over cuts,2010
Off-licences in Dublin to be restricted,2010
Polish man missing in Co Cork,2010
All 29 trapped miners in NZ dead - police,2010
Cowen remains as FF leader after meeting,2010
Call to avoid cuts to State Pension,2010
Fears for 150 jobs at concrete suppliers,2010
Taoiseach says he is not clinging to power,2010
"US, S Korea agree to co-ordinate over attack",2010
Suu Kyi reunited with son in Burma,2010
€85bn fund for banks and public finances,2010
'Bleak' outlook for New Zealand miners,2010
At least 378 dead after Cambodia stampede,2010
Court quashes 1971 manslaughter conviction,2010
US court approves animal drug for executions,2010
Howe family criticises killer's sentence,2010
Statement by Green Party leader,2010
Rents see slight increase - report,2010
Tax increases are likely - Rehn,2010
ImageShack - Best place for all of your image hosting and image sharing needs,2010
Stable Irish economy in Britain's 'interest',2010
Toxic gases delay New Zealand mine rescue,2010
Passing Budget 'necessary' for rescue package,2010
Election after budgetary process is complete,2010
Disruption to Dublin water supplies,2010
World Remembrance day for crash victims,2010
Toxic gases delay NZ mine rescue,2010
Pope - Condoms may prevent spread of AIDS,2010
Abbas: No talks without building freeze,2010
Pope softens stance on condoms,2010
Ireland agrees rescue package with EU,2010
Record low for Fianna Fáil in Red C poll,2010
Funeral of John Butler in Cobh,2010
Broad approval for economic plan - Cowen,2010
Transplant success after Birmingham air crash,2010
Children's services may be hit in Budget,2010
TEEU calls for civil disobedience campaign,2010
"3,600 HSE staff apply to leave organisation",2010
Man charged with Newcastle West murders,2010
Further delay to NZ mine rescue efforts,2010
High Court grants antiretroviral order,2010
NATO to hand security to Afghanistan by 2014,2010
Merkel retreats from corporate tax stance,2010
Man charged over Newcastle West deaths,2010
Anglo rejects claims of falsifying information,2010
NATO agrees on missile defence system,2010
Man arrested following cannabis seizure,2010
CIF calls for fair deal for subcontractors,2010
HSE in case over HIV-positive mother-to-be,2010
Funeral mass for Ballycotton victims,2010
29 missing after explosion at New Zealand mine,2010
Brian Cowen rejects calls to resign,2010
AIB reports €13bn fall in deposits,2010
An Post ends free redirected post service,2010
Terminal 2 opens at Dublin Airport,2010
HSE to announce take up of redundancy plan,2010
Banks need external assistance - Lenihan,2010
Corporation tax is 'non-negotiable',2010
IMF says Europe has ability to help Ireland,2010
Guantanamo suspect guilty of conspiracy,2010
Vessel runs aground in Drogheda,2010
Banks accused of misleading NAMA over loans,2010
"Rehn: Talks to focus on fiscal position, banks",2010
€10m awarded in sleep walking libel case,2010
Accounts of the Troubles may be recorded,2010
Debt forgiveness scheme not recommended,2010
Garda appeal over Ballycotton killings,2010
Independent trustee countersuing Anglo,2010
House sealed off in Newcastle West inquiry,2010
Brian Cowen denies any bailout talks,2010
Talks to 'intensify' over Irish debt crisis,2010
Man held after four found dead in Limerick,2010
Carbon monoxide related death in Fermanagh,2010
Man and two daughters found dead in Cork,2010
Barrister conducting inquiry not being paid,2010
Rape and child sexual abuse are 'endemic',2010
65 killed as Delhi building collapses,2010
Britain settles with former terror suspects,2010
Call for Burma political prisoners to be freed,2010
Man charged over Stephen Lyne death,2010
Killarney cathedral fire investigated,2010
US officials defend new airport screening,2010
310 jobs created by Tesco,2010
Seven dead in hotel gas explosion in Mexico,2010
New speed cameras at accident black spots,2010
Haiti's cholera death toll exceeds 900,2010
Govt close to finalising four-year plan: Cowen,2010
Soldier from Co Derry killed in Afghanistan,2010
No funding applications to EU or IMF - Cowen,2010
Fillon reappointed as French Prime Minister,2010
Papal representative faces criticism,2010
UK army chief says al-Qaeda 'can't be beaten',2010
Suu Kyi urges Burmese to stand up for rights,2010
US makes Israel offer to resume peace talks,2010
Adams to run for election in Louth,2010
Suu Kyi's release is widely welcomed,2010
Department insists no application made for aid,2010
"Jobs, growth a priority for recovery - Kenny",2010
Two charged over Kerry ATM raid,2010
"Seven die, 100 injured in Dijon fire",2010
Teenager dies in Co Down collision,2010
Finance Department denies bailout reports,2010
Suicide bombings at Afghan airport,2010
UN appeals for $160m to battle Haiti's cholera,2010
Donegal result could be critical step: Gilmore,2010
Cork priest admits gross indecency,2010
Man jailed for possession of explosives,2010
Aung San Suu Kyi released from house arrest,2010
Man admits fracturing baby son's skull,2010
Vatican asks abuse victims to help probe,2010
Burma's Suu Kyi on cusp of freedom,2010
Receiver appointed to McNamara Construction,2010
Emergency services work to clear storm damage,2010
Farmers discuss flooding in Galway,2010
'What if' talks on possible Irish bailout,2010
€200m stretch of M18 opens at Gort,2010
Steve Collins found not guilty of assault,2010
Aer Lingus scheme could cost taxpayer €5m,2010
'Real urgency' about McKillen's NAMA appeal,2010
Firearms have been seized in Kildare,2010
Papandreou calls for EU economic solidarity,2010
Backlog of complaints to financial ombudsman,2010
Maliki to remain Iraqi prime minister,2010
"Retailer Iceland opens store, plans expansion",2010
Burma court shuns Suu Kyi appeal,2010
G20 grapples with easing currency strains,2010
Students protest against garda 'brutality',2010
McGlinchey damages hearing gets go-ahead,2010
Eggs and cheese thrown at Mary Harney's car,2010
Severe weather spreads across country,2010
Honohan supports Govt's four-year plan,2010
Cash-in-transit robbery in Co Meath,2010
Parcel bomb was set to explode over US,2010
Garda retrial ordered for next June,2010
New child protection internet facility,2010
Two arrested over Daniel McAnaspie murder,2010
Greencore sugar plant closure 'not necessary',2010
TV3 settles Wayne O'Donoghue libel case,2010
Sleepwalker accuses Kenmare bosses,2010
Eight arrested in dissident investigation,2010
Bord Gáis to invest in renewable energy firm,2010
Airlines fined $1.1bn over cargo price-fixing,2010
Man charged with Daniel Gaynor murder,2010
32 arrests in London student protests,2010
Garda appeal for missing Cork man,2010
Arthur Morgan will not run in next election,2010
Lenihan says Ireland has not lost sovereignty,2010
Britain's Prince Charles visits Irish Embassy,2010
Trust fund set up for faults in Dublin homes,2010
Diesel laundering plants discovered in Armagh,2010
'New ball game' for Croke Park Agreement,2010
Second charge over fatal Coolock assault,2010
Curran named as RTÉ's next Director General,2010
State 'fails to meet' nursing home obligations,2010
Sunday World apologises to councillor,2010
Goldfish join G20 summit's security team,2010
AG asked to consider Magdalene report,2010
Bush defends legacy in new memoir,2010
Poll shows support for Brian Cowen at 11%,2010
28 complaints over gardaí behaviour,2010
"Almost 1,000 tenants illegally evicted",2010
Figures show increase in new car sales,2010
Rehn advocates medium-term planning,2010
Progress at HSE talks 'disappointing' - unions,2010
Classical music cuts crime in New Zealand,2010
Obama backs India over UN Security Council,2010
Iranian pilgrims killed in Iraq bombings,2010
13 arrested in organised crime operation,2010
Gardaí issue appeal over driving conditions,2010
Qantas Airways grounds A380 fleet,2010
Rehn calls for consensus on the economy,2010
Three killed in separate road crashes,2010
FF selects candidate for Donegal by-election,2010
Greek PM rules out snap election,2010
Sweden: Arrest in race shootings inquiry,2010
Man dies in Kerry house blaze,2010
Jobless in UK could be made do manual work,2010
Obama: Pakistan has 'profound' extremism issue,2010
"FG proposes 30,000 reduction in public service",2010
Bid to find relatives of man found dead,2010
Coastal areas monitor anti-flood measures,2010
Cabinet discusses Budget details,2010
Woman's body recovered from sea off Rosslare,2010
First election in Burma in 20 years,2010
Young asylum-seeker disguised as old man,2010
US and India united against terror - Obama,2010
Ceremonies mark Congo Peacekeepers' deaths,2010
"Storm lashes Haiti, leaving six dead",2010
Coastal towns braced for flooding,2010
Witnesses sought to shooting in Tallaght,2010
Three PSNI officers injured in Belfast attack,2010
Al-Qaeda claims responsibility for cargo bombs,2010
Two killed in separate road crashes,2010
Pair get eight years for drive-by shooting,2010
71 dead in Pakistan mosque attacks,2010
Man guilty of aggravated burglary,2010
Irish man dies after road accident in Thailand,2010
McKillen court decision due on Monday,2010
Inquiry hears from radiologist over MRI scan,2010
'No evidence' of O'Brien conspiracy,2010
Dublin eye operation the first of its kind,2010
BBC strike hits news programmes,2010
People in need to get free cheese,2010
EU says light at end of the tunnel for Ireland,2010
Two in court in Peter Gunn inquiry,2010
"89 dead in Cuba, Pakistan plane crashes",2010
Three arrested after drug seizure,2010
Fifth day of Donegal sea search,2010
Missing body believed to be back in UK,2010
54 killed as Merapi erupts again in Indonesia,2010
Warning of weekend coastal flooding,2010
Complaints over student demonstration policing,2010
"Man remanded over €250,000 benefit fraud",2010
David Drumm advising Anglo clients,2010
"Gardaí, students clash in Dublin",2010
Citigroup Tower to go up for sale,2010
Ernst & Young to hire 300 workers,2010
Third day of Donegal sea search,2010
Fall in October Live Register figure,2010
Missing Dublin man is feared dead,2010
Claudy investigators to question suspect in US,2010
Government to hold by-election this month,2010
Obama blames election defeat on economy,2010
Greece imposes two-day air mail suspension,2010
Exchequer deficit stands at €14.4bn,2010
Views sought on Broadcasting Authority plan,2010
Curfew in eastern Baghdad after 11 blasts,2010
Training scheme for unemployed launched,2010
John Traynor to be extradited back to UK,2010
NAMA made €6m profit in second quarter,2010
Orange Order chief stepping down,2010
Cabinet resumes Budget discussion,2010
Tánaiste regrets Jim McDaid's resignation,2010
Farmers end demonstration at Ulster Bank,2010
Flash floods strand thousands in Thailand,2010
Peter Wilson's body found in Co Antrim,2010
Councillors agree to sign away land,2010
Search for missing Donegal fisherman suspended,2010
Further arrest in Hanaphy murder probe,2010
Café awning saves baby in seven-storey fall,2010
Wreckage found in Donegal search,2010
Nurses will not fill HSE gaps - INMO,2010
"NI: Pay freeze, recruitment ban proposed",2010
€13.5m judgment awarded against Fingleton,2010
Tesco to create 266 jobs in Naas,2010
Decision on Drumm's US bankruptcy next week,2010
"€400m HSE scheme aims to cut 5,000 staff",2010
Tipperary venue plans unveiled,2010
52 killed in Baghdad church attack,2010
Councillor quizzed over Harney paint incident,2010
Colm Doherty steps down from AIB board,2010
"Two die in separate crashes in Clare, Kildare",2010
Yemen tightens cargo security after bomb plot,2010
Developer Paddy McKillen loses NAMA challenge,2010
Seven hostages killed in Iraqi catholic church,2010
Brazil elects first woman President,2010
Student union warning over fee hike fear,2010
Abuse victims protest at the Vatican,2010
Three held over Limerick stabbing,2010
"Suspicious package found in Rialto, Dublin",2010
Two killed in Co Cork road crash,2010
Fishermen rescued off Mayo coast,2010
Viable device found at a Belfast airport,2010
Yemen free cargo plane bomb suspect,2010
'Rally to Restore Sanity' attracts thousands,2010
Medvedev on Asian energy mission,2010
Man released in Louth murder investigation,2010
Afghanistan: 38 killed in US air strike,2010
Korean reunion takes place despite tensions,2010
Yemeni woman held over parcel bombs,2010
Man arrested in connection with Ardee inquiry,2010
Death of Micheál Martin's youngest daughter,2010
Welfare faces significant cutbacks - Ó Cuív,2010
Union to resist removal of 'bank time',2010
"10,000 protest over Navan health cuts",2010
Jury fails to reach verdict over garda death,2010
Chartbusters to close all 16 stores,2010
Local councils blamed for ghost estates,2010
New digital service starts on trial basis,2010
FÁS still playing 'key role' - O'Toole,2010
Interim order to close Clara nursing home,2010
Renewed call for Ballymurphy inquest,2010
Drogheda hospital ballot on industrial action,2010
Authorities aware of 'outrage' over Anglo,2010
Death toll in Indonesia could reach 600,2010
UN accuses Hezbollah of 'obstruction',2010
Flawed Halliburton cement used in BP well,2010
"High Court halts O'Brien, Desmond action",2010
Baxter to shed 200 Mayo jobs,2010
WWII grenade made safe in Wicklow,2010
Referendum may not be necessary - Cowen,2010
PSNI helicopter crashes in Mourne Mountains,2010
Court bid to halt McDowell's tribunal role,2010
Flights affected by French strikes,2010
50 redundancies at Bulmers in Clonmel,2010
Tribunal given strict witness deadline,2010
An Bord Pleanála gives Metro North go ahead,2010
Man jailed over fatal Limerick crash,2010
FÁS to be replaced with new agency - Tánaiste,2010
Teenager dies in Antrim road crash,2010
'Unreserved' HSE apology over Roscommon case,2010
No 'lack of resources' in child abuse case,2010
Consultant denies changing Moriarty evidence,2010
EU leaders agree in principle to reopen Lisbon,2010
Ryanair to cut flights from Frankfurt,2010
Woman dies in Dublin house fire,2010
Economy Debate - As It Happened,2010
PSNI officer suspended in John Brady inquiry,2010
Search for Indonesia tsunami survivors,2010
Co-ops welcome milk contracts exemption,2010
Cowen says choices facing the country 'stark',2010
Four TDs granted expenses exemption,2010
13 confirmed dead as Indonesian volcano erupts,2010
Call for clerical abuse 'distinction',2010
50 new jobs at Galway software firm,2010
Man arrested after dole office threat,2010
Garda assault trial collapses at Dublin court,2010
Katy French trial adjourned until February,2010
"Fatal crashes in Cork, Westmeath, Clare",2010
Chronic pain a silent epidemic - report,2010
Ireland considered for Hobbit film - reports,2010
Bus set alight in more Belfast violence,2010
New vaccine more effective against Polio,2010
Hamid Karzai admits receiving cash from Iran,2010
Strike ends at three blocked French refineries,2010
'Sick days' cost small businesses €563m,2010
"11,000 Indonesians evacuated over volcano",2010
Govt raises four-year target to €15bn,2010
Dutch citizen abducted in Afghanistan,2010
Man arrested over hit-and-run in Gorey,2010
US firm announces 106 jobs for Newry,2010
Two arrests in false imprisonment probe,2010
NI Assembly debates budget cutbacks,2010
CBI chief: VAT increase will slow UK growth,2010
Spanish police charged over alleged torture,2010
Concern Haiti cholera outbreak could widen,2010
Kenyan wins Dublin City Marathon,2010
Man hospitalised after Dublin shooting,2010
Man injured in Dublin shooting,2010
Growth forecast for Ireland to be downgraded,2010
Cabinet meets over deficit reduction,2010
Thousands homeless after Burma cyclone,2010
Budget cuts will be 'painful' - Andrews,2010
Shia opposition gains in Bahrain election,2010
Three killed on Wexford and Dublin roads,2010
Fatalities reported in Down helicopter crash,2010
Obama pulls crowds in Midterm campaigning,2010
Three confirmed dead in helicopter crash,2010
Haiti cholera outbreak toll over 250,2010
Football fans killed in Kenyan stampede,2010
13 killed in Mexico gun attack,2010
Runway for commercial spaceship unveiled,2010
Increasing use of pre-nuptial agreements,2010
G20 agrees pact to prevent trade war,2010
Red C poll shows support for FF at 18%,2010
John Hume proud of 'Ireland's Greatest' award,2010
Six stolen cars recovered in Dublin,2010
Toxic waste found at diesel laundering plant,2010
Cholera death toll in Haiti rises to 200,2010
Man killed in Carlow road crash,2010
Belfast protest over austerity measures,2010
Suicide bombers attack Afghan UN building,2010
Two charged over £1m cannabis seizure,2010
Govt aims to 'strike a balance' in Budget,2010
Surge in Irish prison population,2010
Leaked documents show 'truth' on Iraq,2010
Cork teenager jailed for killing uncle,2010
140 dead in Haiti cholera outbreak,2010
€35m Castleisland bypass opens,2010
"Businessman, ex-FF councillors face charges",2010
Secret files confirm David Kelly suicide,2010
French senate passes pension reform bill,2010
Ferry captain dies after Dutch canal collision,2010
Michelle Gildernew's election win will stand,2010
Elderly Limerick man missing,2010
Cork University Hospital extension opens,2010
Investigation into Co Kildare landfill fire,2010
Lexus GS 300 in recall over brakes issue,2010
First fall in greenhouse gas level in 20 years,2010
New mobile cameras to target speeders,2010
Gardaí investigate Kerdiffstown landfill fire,2010
US meeting for Drumm's creditors next month,2010
Belgian teacher jailed for parachute murder,2010
Gardaí make Bank Holiday roads appeal,2010
Gaffney admits having 27 previous convictions,2010
Jim Kennedy to challenge arrest,2010
Over 200 jobs lost in Shannon,2010
Hewlett Packard plans 120 Dublin jobs,2010
Dutch men jailed for Niall Coyle killing,2010
Local authorities owed €25m in loan arrears,2010
"Fears for 30,000 public sector jobs in NI",2010
Victim 'pleaded' with gardaí during assault,2010
IBM cuts 190 jobs at Mulhuddart base,2010
EU Parliament votes to extend parental leave,2010
Man pleads guilty to €12k bank robbery,2010
Jackson Way court case is adjourned,2010
CIA report identifies security failings,2010
"330,000 days lost to industrial disputes",2010
Seanad to debate 'excess RTÉ negativity',2010
"UK to cut 490,000 public sector jobs",2010
Shots fired during Dublin burglary,2010
France pensions reforms 'must go through',2010
Husband expresses remorse for wife's death,2010
Party leaders discuss public finances,2010
"Toddler, man die in separate farm incidents",2010
Former flight attendant avoids jail term,2010
Inquiry after kangaroo released at hotel party,2010
Four gardaí in court on assault charges,2010
CAB arrests businessman Jim Kennedy,2010
Church weddings for five Chile miners,2010
Woman injured in Kilkenny attack,2010
Anglo granted injunction against Drumm's wife,2010
Man and woman deny Cork city murder,2010
100 NI jobs announced at US conference,2010
Polish party's office attack leaves two dead,2010
Donegal by-election judgment due 5 November,2010
Cowen 'anxious' to hear Opposition views,2010
Harney - HSE budget faces cuts of up to €1bn,2010
Nationwide French protests amid fuel shortages,2010
Suicide attack on Chechen parliament,2010
No murder charges over Rebecca French death,2010
Qualified nurses going overseas for work,2010
French fuel prices surge as strikes worsen,2010
Super typhoon Megi hits Philippines,2010
Fatal road crash in Co Donegal,2010
Penalties for poisoning birds of prey,2010
250 new jobs announced for Co Mayo,2010
Noonan: Adjustment will be over €7.5bn,2010
"48-year-old found dead in Avoca, Co Wicklow",2010
Man charged with manslaughter of publican,2010
Super typhoon to hit Philippines,2010
Musician Peter Horan dies,2010
Tax reforms recommended for the budget,2010
Arrest over the death of Offaly publican,2010
Two due in court over Cabra guns incident,2010
Man dies in fire in Tipperary,2010
RTÉ hosts television archive event,2010
12 killed in Baghdad robbery,2010
Cowen will approach talks in 'good faith',2010
Two appear in court over heroin seizure,2010
Fears grow over French fuel supplies,2010
Pope Benedict canonises Australian nun,2010
Houses evacuated in Antrim town,2010
Chilean miners attend mass at mine,2010
Tyrone man charged with conspiracy to murder,2010
21 killed in China mine explosion,2010
Children's Hospital will 'proceed as planned',2010
Chilean miner will campaign for safety,2010
Harney sought hospital chairman's resignation,2010
Three men released in Dundalk death probe,2010
"Firearms, ammunition found in Tallaght",2010
Protests in France over pension reforms,2010
David Drumm's return would be 'helpful' - Cowen,2010
FG to launch public service reform plans,2010
Bernanke hints at fresh US stimulus,2010
Hickey & Sunday World reach 'accommodation',2010
Leas Cross was not suitable for McKenna,2010
Gardaí name road crash victims,2010
Regulator wants more protection for homeowners,2010
Remains discovered in Co Louth search,2010
Five held over Cabra guns incident,2010
Former RTÉ Editor Jim Dougal dies,2010
Berlusconi under investigation for tax evasion,2010
World's longest tunnel is completed,2010
TUI angered at compulsory redundancy report,2010
"Two die in separate crashes in Cork, Kilkenny",2010
New private hospital opens in Cork,2010
Four hurt in Mountjoy Prison disturbances,2010
Murder inquiry into Louth assault,2010
Friday's Dundalk meeting preview,2010
Labour will accept consensus talks invitation,2010
€500k worth of illegal medicines seized,2010
HSE confirms Wicklow section closure,2010
Dublin man found guilty of manslaughter,2010
Call for SKILL account to be frozen,2010
French unions announce further strike action,2010
Oireachtas rejects Lost at Sea findings,2010
Man jailed for attempted rape,2010
Chile miners invited to government reception,2010
Weapons seized in Kiltipper search,2010
Ahmadinejad visits southern Lebanon,2010
Chile mine rescue - as it happened,2010
Government to cut VECs by more than half,2010
Examiner appointed to Pierse Construction,2010
Three jailed for Taser attack on couple,2010
Trichet urges tougher budget scrutiny,2010
Cavan hospital hit by cancellations,2010
FF backbencher questions Cowen's leadership,2010
Court reserves judgment in Dunbar appeal,2010
Priest charged with gross indecency of teen,2010
NI students may face fee increases,2010
Australia's PM backs controversial web filter,2010
New car registrations up 106% in September,2010
Pedestrian struck by van and killed on M3,2010
Palestinians reject Netanyahu demand,2010
Controlled explosion carried out in Dunleer,2010
US orders probe of British aid worker's death,2010
Irish flights affected by France strike,2010
Chile miners' rescue draws near,2010
Bonus points for higher level Maths,2010
Developer ordered to repay €90m to Anglo,2010
Court hears man secretly filmed women,2010
New Dingle community hospital to open,2010
Pedestrian killed in Sligo crash,2010
New children's hospital due in 2015,2010
Concern over numbers drug-driving,2010
Fraud inquiry into Empower training agency,2010
Court orders repayment of loans to NAMA,2010
Hungary spill blamed on 'human negligence',2010
Austrian far-right posts strong gains,2010
Gardaí probe use of Irish passports by Russia,2010
Hostage may have been killed by rescue team,2010
Explosives discovered in dissident inquiry,2010
Investigation into Inishbofin drownings,2010
ISME hits out at Govt over late payments,2010
Riots as Serbia holds Gay Pride parade,2010
Gormley invites Opposition leaders to meeting,2010
President McAleese begins Danish visit,2010
Hungary races to build dam over sludge threat,2010
Budget cuts will be well above €3bn - Lenihan,2010
Suicide vest blamed for aid worker's death,2010
Two in court over dissident activities,2010
Chile rescuers reinforce shaft for miners,2010
Four people die in separate crashes,2010
"Handgun, ammunition found in dissident inquiry",2010
China delegation in Pyongyang for anniversary,2010
Fine Gael focused on future & election - Kenny,2010
Foreign adoptions face restrictions,2010
Chemical tanker towed to French port,2010
Final run-through at Dublin Airport's T2,2010
US given one month to save Mid-East talks,2010
Finance officials to focus on world economy,2010
New toxic flood 'likely' in Hungary,2010
Mosque blast kills Afghan governor,2010
Rescue shaft reaches trapped Chilean miners,2010
29 NATO tankers destroyed in Pakistan attack,2010
Nine held in dissident republican probe,2010
SIPTU denies acceptance of liability,2010
Aer Lingus warns crew over industrial action,2010
Chilean miners could be freed on Tuesday,2010
McKillen cannot repay his loans - AG,2010
Contamination levels falling in Danube,2010
France: Stricken chemical tanker under tow,2010
Woman's body discovered in Co Clare,2010
Man charged over Mountjoy murder,2010
Flood warning for low-lying areas of Cork city,2010
Anger as Shine report will not be published,2010
Cowen would welcome consensus on economy,2010
Coughlan and Clegg meet in Co Down,2010
"Cannabis, cash seized by gardaí",2010
Alleged criminal gang file printed in shop,2010
Post mortem on body of Cavan pensioner,2010
Trichet speaks of 'important steps',2010
Ballymurphy families fail in inquiry bid,2010
Alzheimer carers 'reaching crisis point',2010
SIPTU has 'relevant' SKILL documentation,2010
NI to overhaul PSNI compensation system,2010
O'Keeffe in London on 2012 jobs mission,2010
Dept unsure over Aer Lingus redundancies,2010
Sheridans settle Dalkey home case,2010
IMF says Ireland must take 'credible action',2010
Protestant Archbishop of Dublin to retire,2010
Garda in Sargent leak will not be prosecuted,2010
Shannon taking legal action against Ryanair,2010
Govt wins Dáil vote on health services,2010
Irish troops may return to Lebanon,2010
McKillen could help recovery - Anglo Chief,2010
Objection to High Court hearing Callely case,2010
€51m e-voting machines to be disposed of,2010
Two men deny murder of Rebecca French,2010
Dublin Council to launch apprenticeship scheme,2010
German Catholics want Santa-free Christmas,2010
EU unveils major innovation initiative,2010
Seasonal flu vaccine programme under way,2010
"SIPTU lodges €348,000 with Commissioner",2010
Cannabis grow houses found in Co Meath,2010
Council seeks to close Smithfield Horse Fair,2010
Aer Lingus cabin crew will work-to-rule,2010
Irishman loses custody case in Luxembourg,2010
HSE audit finds 'catalogue of waste',2010
Department denies Haulbowline report,2010
Cowen denies €4bn annual repayments,2010
Teenagers placed in adult psychiatric unit,2010
Two injured in Wexford plane crash,2010
AIB announces M&T sale plans,2010
Geert Wilders hate trial adjourned,2010
Cost of Irish borrowing rises again,2010
Real IRA claims Derry bomb blast,2010
Court told Senator Callely complied with rules,2010
Five held in Athlone as feud weapons seized,2010
